"HITId","HITTypeId","Title","Description","Keywords","Reward","CreationTime","MaxAssignments","RequesterAnnotation","AssignmentDurationInSeconds","AutoApprovalDelayInSeconds","Expiration","NumberOfSimilarHITs","LifetimeInSeconds","AssignmentId","WorkerId","AssignmentStatus","AcceptTime","SubmitTime","AutoApprovalTime","ApprovalTime","RejectionTime","RequesterFeedback","WorkTimeInSeconds","LifetimeApprovalRate","Last30DaysApprovalRate","Last7DaysApprovalRate","Input.image","Answer.implications_2","Approve","Reject"
"36D1BWBEHPFPAICT7KEYRQWET3B2M9","3OF98WC37GN2582AVRZL3N25AESMST","Write a description for an everyday image","Look at an everyday image and write a description for it. Quick!","image, question, answer, AI","$0.32","Sun Feb 02 14:13:44 PST 2020","1","BatchId:3908950;OriginalHitTemplateId:928390828;","10800","259200","Tue Feb 04 14:13:44 PST 2020","","","33OOO72IVK098FS93CAIE1WI1W8CTY","A1WFBKFKB8F79F","Submitted","Sun Feb 02 21:30:31 PST 2020","Sun Feb 02 21:41:32 PST 2020","Wed Feb 05 21:41:32 PST 2020","","","","661","0% (0/0)","0% (0/0)","0% (0/0)","http://jeffda.com/generational_captions/examples/images/0.jpg","a woman wearing warm clothing at night, standing in front of multiple 10 feet tall sculptures that are glowing different colors. there are other pedestrians around exploring the area. a tall hotel overlooks these sculptures, glowing very brightly and lighting up the night. the floor looks very pristine and has obviosuly been taking very well care of."
"3N3WJQXELU4540U878DJRDHPTYL2L7","3OF98WC37GN2582AVRZL3N25AESMST","Write a description for an everyday image","Look at an everyday image and write a description for it. Quick!","image, question, answer, AI","$0.32","Sun Feb 02 14:13:44 PST 2020","1","BatchId:3908950;OriginalHitTemplateId:928390828;","10800","259200","Tue Feb 04 14:13:44 PST 2020","","","3D8YOU6S9HZZSBYXTQNPXXQAONHU6Q","AY832D29HUURG","Submitted","Sun Feb 02 17:17:49 PST 2020","Sun Feb 02 17:20:11 PST 2020","Wed Feb 05 17:20:11 PST 2020","","","","142","100% (322/322)","0% (0/0)","0% (0/0)","http://jeffda.com/generational_captions/examples/images/1.jpg","There is a woman in a store. She is wearing a black shirt with a white shirt underneath it. They have pink flowers on them. The womans hair is black. The womans pants are also black as well. She is holding a camera. The woman is looking at a rack of clothes. There are two blue sweat shirts in front of two black sweat shirts in front of two grey sweat shirts."
"3DWGDA5POHI1BKO628FB935MSQ8V11","3OF98WC37GN2582AVRZL3N25AESMST","Write a description for an everyday image","Look at an everyday image and write a description for it. Quick!","image, question, answer, AI","$0.32","Sun Feb 02 14:13:44 PST 2020","1","BatchId:3908950;OriginalHitTemplateId:928390828;","10800","259200","Tue Feb 04 14:13:44 PST 2020","","","3KAKFY4PGXHVM1GFG70D7RQFK2C3I7","A9HQ3E0F2AGVO","Submitted","Sun Feb 02 20:30:40 PST 2020","Sun Feb 02 22:21:56 PST 2020","Wed Feb 05 22:21:56 PST 2020","","","","6676","100% (2009/2009)","100% (904/904)","100% (430/430)","http://jeffda.com/generational_captions/examples/images/2.jpg","Eight cans of La Croix are at the back of a refrigerator. In front of them is a white plate of leftover food which is covered in plastic wrap. There's also an open box of baking soda, a jar of jam, a tupperware container, and a jar of Yummi Sauce from Cafe Yummi. The leftovers look like a type of pasta with brown sauce. The flavor of the La Croix Sparkling Water is Pamplemousse."
"3Z33IC0JC20J0PR16LU4O9N5Q2X9VP","3OF98WC37GN2582AVRZL3N25AESMST","Write a description for an everyday image","Look at an everyday image and write a description for it. Quick!","image, question, answer, AI","$0.32","Sun Feb 02 14:13:44 PST 2020","1","BatchId:3908950;OriginalHitTemplateId:928390828;","10800","259200","Tue Feb 04 14:13:44 PST 2020","","","3LEIZ60CDME3WTU5XKP9YZWRG649Z5","A23BWWRR7J5XLS","Submitted","Sun Feb 02 14:13:50 PST 2020","Sun Feb 02 15:11:36 PST 2020","Wed Feb 05 15:11:36 PST 2020","","","","3466","0% (0/0)","0% (0/0)","0% (0/0)","http://jeffda.com/generational_captions/examples/images/3.jpg","A man and woman stop at a hilltop bench overlooking the city.  The are looking at the city below on a nice day. The sun is out and the sky is blue."
"3ZG552ORAOI80562LCFPEMFRKWMV2I","3OF98WC37GN2582AVRZL3N25AESMST","Write a description for an everyday image","Look at an everyday image and write a description for it. Quick!","image, question, answer, AI","$0.32","Sun Feb 02 14:13:44 PST 2020","1","BatchId:3908950;OriginalHitTemplateId:928390828;","10800","259200","Tue Feb 04 14:13:44 PST 2020","","","3DYGAII7PONFAO9LRD2TTWK2G71QPN","A2T007HZK66WM","Submitted","Sun Feb 02 14:13:51 PST 2020","Sun Feb 02 15:08:44 PST 2020","Wed Feb 05 15:08:44 PST 2020","","","","3293","100% (2/2)","0% (0/0)","0% (0/0)","http://jeffda.com/generational_captions/examples/images/4.jpg","A messy dorm room with a small bed is the focus.  a mug sits on some kind of plastic dish on a table with a red lamp on top of a blue cloth with sunflowers on it.  There is a silver and black blanket crumpled up on the bed along with what appears to be a backpack.  The bed itself seems very short and close to the gorund, but there is space underneath it.  There is what looks like a berber carpet floor."
"3YD0MU1NC4FVUI0AGT5OEQIMA287AA","3OF98WC37GN2582AVRZL3N25AESMST","Write a description for an everyday image","Look at an everyday image and write a description for it. Quick!","image, question, answer, AI","$0.32","Sun Feb 02 14:13:44 PST 2020","1","BatchId:3908950;OriginalHitTemplateId:928390828;","10800","259200","Tue Feb 04 14:13:44 PST 2020","","","3URFVVM168X1GLI8VVK0UVJ5TUFZUT","A1VR1XQEQQXYUE","Submitted","Mon Feb 03 06:13:25 PST 2020","Mon Feb 03 08:36:44 PST 2020","Thu Feb 06 08:36:44 PST 2020","","","","8599","100% (2/2)","100% (2/2)","0% (0/0)","http://jeffda.com/generational_captions/examples/images/5.jpg","it is a large open space, with junk tossed about, literally everywhere. its grimy and clustered . dull and old. so many things everywhere. there are tables and chairs and trash everywhere. they yard is horribly littered and unkept. it is very sad to see. trash cans everywhere, yet the trash is not in there, its all over the yard, just everywhere and dirty."
"3J9L0X0VDH0WFER6WVZ0AB6JXBZ9WZ","3OF98WC37GN2582AVRZL3N25AESMST","Write a description for an everyday image","Look at an everyday image and write a description for it. Quick!","image, question, answer, AI","$0.32","Sun Feb 02 14:13:44 PST 2020","1","BatchId:3908950;OriginalHitTemplateId:928390828;","10800","259200","Tue Feb 04 14:13:44 PST 2020","","","33JKGHPFYF9OMOZGJ5IK8YV26UENMI","A3I9XLIHPPWPN1","Submitted","Mon Feb 03 07:05:39 PST 2020","Mon Feb 03 07:31:58 PST 2020","Thu Feb 06 07:31:58 PST 2020","","","","1579","100% (3045/3045)","100% (2/2)","100% (1/1)","http://jeffda.com/generational_captions/examples/images/6.jpg","There is a small room with two blue curtains separating one side from the other. A mattress is on the floor behind the curtains. A section beside the curtains has fabric around it with shelves inside it. A small wooden bed frame has a mattress covered by a white sheet and a crumpled blanket with black stripes. A pad is vertical against the wall on the side of the mattress and a brown sheet is pinned behind that. A wooden shelf hung on a chain is above the small bed in front of a framed picture of water. The shelf has blankets on it."
"3NSCTNUR211G7EMRS0QRG64QJWD5AT","3OF98WC37GN2582AVRZL3N25AESMST","Write a description for an everyday image","Look at an everyday image and write a description for it. Quick!","image, question, answer, AI","$0.32","Sun Feb 02 14:13:44 PST 2020","1","BatchId:3908950;OriginalHitTemplateId:928390828;","10800","259200","Tue Feb 04 14:13:44 PST 2020","","","3RKNTXVS3PD1YFGL4XDJ0YU2LTTA4J","AZLZA0Q87TJZO","Submitted","Sun Feb 02 17:11:30 PST 2020","Sun Feb 02 17:31:03 PST 2020","Wed Feb 05 17:31:03 PST 2020","","","","1173","100% (738/738)","100% (193/193)","100% (21/21)","http://jeffda.com/generational_captions/examples/images/7.jpg","It's a bright, sunny day in the city. People are sitting in the grass in the park overlooking the city. They seem to be waiting for some type of event to begin. Others are milling around on the concrete pads scattered about. Much of the grass is shaded by large trees of various varieties. The temperature appears to be mild, as there are people wearing long sleeves and others wearing short sleeves."
"3IWA71V4TKUOMVUY8TSASKTOGCWX64","3OF98WC37GN2582AVRZL3N25AESMST","Write a description for an everyday image","Look at an everyday image and write a description for it. Quick!","image, question, answer, AI","$0.32","Sun Feb 02 14:13:44 PST 2020","1","BatchId:3908950;OriginalHitTemplateId:928390828;","10800","259200","Tue Feb 04 14:13:44 PST 2020","","","3Y54SXRO1O05U999P3VI87IO8V2UTB","A1UEX245I12ZH7","Submitted","Sun Feb 02 20:17:30 PST 2020","Sun Feb 02 21:11:01 PST 2020","Wed Feb 05 21:11:01 PST 2020","","","","3211","100% (625/625)","100% (29/29)","100% (3/3)","http://jeffda.com/generational_captions/examples/images/8.jpg","A young woman is paddling her canoe in very calm water. She seems confident in being alone on the water. She is wearing a purple shirt and has long dark brown hair. Her canoe is blue. She may be on a slow moving river or creek. The banks are filled with bushes and tall grasses. Beyond is the forest with tall, old trees. The leaves are green, so it is probably early summer."
"3O71U79SRD3IFHTR1ZT4I89IRX9SM1","3OF98WC37GN2582AVRZL3N25AESMST","Write a description for an everyday image","Look at an everyday image and write a description for it. Quick!","image, question, answer, AI","$0.32","Sun Feb 02 14:13:44 PST 2020","1","BatchId:3908950;OriginalHitTemplateId:928390828;","10800","259200","Tue Feb 04 14:13:44 PST 2020","","","3137ONMDKJKK08QHF3H656HWWDQGEX","ABX5OQLR6UNBC","Submitted","Sun Feb 02 14:13:53 PST 2020","Sun Feb 02 14:24:11 PST 2020","Wed Feb 05 14:24:11 PST 2020","","","","618","100% (2179/2179)","100% (1801/1801)","100% (354/354)","http://jeffda.com/generational_captions/examples/images/9.jpg","A burning yellow house stands alone. Fire can be seen through the upstairs windows. The downstairs windows are dark. An empty porch shades the lower front of the house. Black smoke obscures most of the landscape to the right. The landscape around the house is brown, with dry grass and bushes. Dark mountains line the horizon in the distance. The moon hangs in the blue sky above."
"371Q3BEXDJNIEOSAGOJYQA5R61RZSP","3OF98WC37GN2582AVRZL3N25AESMST","Write a description for an everyday image","Look at an everyday image and write a description for it. Quick!","image, question, answer, AI","$0.32","Sun Feb 02 14:13:44 PST 2020","1","BatchId:3908950;OriginalHitTemplateId:928390828;","10800","259200","Tue Feb 04 14:13:44 PST 2020","","","37FMASSAYF60PWKSV0FJPAOR8T5BIK","A14IPKOBOPID9H","Submitted","Sun Feb 02 15:59:14 PST 2020","Sun Feb 02 16:08:07 PST 2020","Wed Feb 05 16:08:07 PST 2020","","","","533","100% (129/129)","100% (1/1)","0% (0/0)","http://jeffda.com/generational_captions/examples/images/10.jpg","A young man with black hair and wearing a black hooded sweatshirt with white sleeves smiles as he pretends to pet a brown Jersey cow on its chest.  It isn't a real cow though, it is actually a painted picture of a cow on a rectangular piece of plywood.  Another young man with black hair and wearing a black and green plaid shirt stands nearby smiling."
"33J5JKFMK8C5GF643DZKR9LB9I7Q3U","3OF98WC37GN2582AVRZL3N25AESMST","Write a description for an everyday image","Look at an everyday image and write a description for it. Quick!","image, question, answer, AI","$0.32","Sun Feb 02 14:13:44 PST 2020","1","BatchId:3908950;OriginalHitTemplateId:928390828;","10800","259200","Tue Feb 04 14:13:44 PST 2020","","","3WRFBPLXRD3N02R6DND5CZMW65V3NK","A28AXX4NCWPH1F","Submitted","Mon Feb 03 12:39:00 PST 2020","Mon Feb 03 13:51:04 PST 2020","Thu Feb 06 13:51:04 PST 2020","","","","4324","100% (1/1)","100% (1/1)","100% (1/1)","http://jeffda.com/generational_captions/examples/images/11.jpg","There are three asian people in front of a black rock by the ocean. Two of the people are males, while another is a female. All three of the people are smiling. The female is wearing a bright pink jacket and glasses. The male in the center is wearing glasses and a blue hoodie, while sticking out his tongue. The male on the left is wearing a hooded jacket."
"3YCT0L9OMONOXZERD084VNYIWNJSN1","3OF98WC37GN2582AVRZL3N25AESMST","Write a description for an everyday image","Look at an everyday image and write a description for it. Quick!","image, question, answer, AI","$0.32","Sun Feb 02 14:13:44 PST 2020","1","BatchId:3908950;OriginalHitTemplateId:928390828;","10800","259200","Tue Feb 04 14:13:44 PST 2020","","","3X65QVEQI32LP2K4U38RSAM17IZLCF","A38Z99XF4NDNH0","Submitted","Sun Feb 02 14:15:35 PST 2020","Sun Feb 02 14:19:55 PST 2020","Wed Feb 05 14:19:55 PST 2020","","","","260","100% (1519/1519)","100% (1335/1335)","100% (226/226)","http://jeffda.com/generational_captions/examples/images/12.jpg","A young male teenager is taking a selfie with a younger female teenager in the background sitting on top of and older statue of a whale. They appear to be in the parking lot of a place that likely has to do with animals or possibly an aquarium. The male has short hair and a black jacket and the female is wearing a purple jacket and she has her hair in two braids. It is a cloudy day and there are pine trees behind the parking lot."
"3YKP7CX6G4T0DS52M75K912SSKT7B5","3OF98WC37GN2582AVRZL3N25AESMST","Write a description for an everyday image","Look at an everyday image and write a description for it. Quick!","image, question, answer, AI","$0.32","Sun Feb 02 14:13:44 PST 2020","1","BatchId:3908950;OriginalHitTemplateId:928390828;","10800","259200","Tue Feb 04 14:13:44 PST 2020","","","3VA45EW49Q298KD3RYZZ3V74YQDO19","ABX5OQLR6UNBC","Submitted","Sun Feb 02 14:13:52 PST 2020","Sun Feb 02 14:18:54 PST 2020","Wed Feb 05 14:18:54 PST 2020","","","","302","100% (2179/2179)","100% (1801/1801)","100% (354/354)","http://jeffda.com/generational_captions/examples/images/13.jpg","There are rows of shoe boxes neatly arranged on store shelves. Where the tops of boxes are seen, the Nike logo is visible. Some shelves have Nike shoes displayed on small platforms. At the end of the shelf, a man is sitting down. He has his shoes off and is holding a shoe box. More shoes are displayed behind him. Another man browses a far shelf. Bright lights hang overhead."
"359AP8GAGIYJNXX8071FKL8AA5T7CC","3OF98WC37GN2582AVRZL3N25AESMST","Write a description for an everyday image","Look at an everyday image and write a description for it. Quick!","image, question, answer, AI","$0.32","Sun Feb 02 14:13:44 PST 2020","1","BatchId:3908950;OriginalHitTemplateId:928390828;","10800","259200","Tue Feb 04 14:13:44 PST 2020","","","3YWRV122CVEMWPHLM5KNHBM1UI7U8C","A38Z99XF4NDNH0","Submitted","Sun Feb 02 14:17:27 PST 2020","Sun Feb 02 14:23:27 PST 2020","Wed Feb 05 14:23:27 PST 2020","","","","360","100% (1519/1519)","100% (1335/1335)","100% (226/226)","http://jeffda.com/generational_captions/examples/images/14.jpg","Several people are walking down a pedestrian pathway on a clear and sunny day. The pathway is surrounded by older large buildings on each side. They are in a urban area and the buildings to both the left and right of the pathway are covered in graffiti. There is a male on the left of the path and a female in a dress to the right of him. To the right of the female sits a store called ""Streeters""."
"3NZ1E5QA61FLQORJYEQNBHOW1EY5BO","3OF98WC37GN2582AVRZL3N25AESMST","Write a description for an everyday image","Look at an everyday image and write a description for it. Quick!","image, question, answer, AI","$0.32","Sun Feb 02 14:13:44 PST 2020","1","BatchId:3908950;OriginalHitTemplateId:928390828;","10800","259200","Tue Feb 04 14:13:44 PST 2020","","","3TEM0PF1Q8CIXY1W56HJEWCVPL2D02","A4I69DE7BI20I","Submitted","Sun Feb 02 23:43:52 PST 2020","Mon Feb 03 00:20:35 PST 2020","Thu Feb 06 00:20:35 PST 2020","","","","2203","0% (0/0)","0% (0/0)","0% (0/0)","http://jeffda.com/generational_captions/examples/images/15.jpg","A factory, manufacturing plant or a production plant is an industrial site, usually consisting of buildings and machinery, or more commonly a complex having several buildings, where workers manufacture goods or operate machines processing one product"
"334ZEL5JX8T6FKE3EF8HACYNMXOSOG","3OF98WC37GN2582AVRZL3N25AESMST","Write a description for an everyday image","Look at an everyday image and write a description for it. Quick!","image, question, answer, AI","$0.32","Sun Feb 02 14:13:44 PST 2020","1","BatchId:3908950;OriginalHitTemplateId:928390828;","10800","259200","Tue Feb 04 14:13:44 PST 2020","","","3RYC5T2D768FMPOL4SRTYMU7CUMPR8","A38YQZ9UK9BPK2","Submitted","Sun Feb 02 20:15:36 PST 2020","Sun Feb 02 20:18:35 PST 2020","Wed Feb 05 20:18:35 PST 2020","","","","179","0% (0/0)","0% (0/0)","0% (0/0)","http://jeffda.com/generational_captions/examples/images/16.jpg","There is a beautiful, colorful plate that has flowers painted on it. On top of the plate there is a wide assortment of things on top of it. There are bowls of soups and different breads. The breads look absolutely delicious. Next to the plate, there is a vase. Inside the blue vase there are beautiful flowers. This is all sitting on top of a table."
"3J5XXLQDHOPXLN2LPCTUXWKJQAMV3T","3OF98WC37GN2582AVRZL3N25AESMST","Write a description for an everyday image","Look at an everyday image and write a description for it. Quick!","image, question, answer, AI","$0.32","Sun Feb 02 14:13:44 PST 2020","1","BatchId:3908950;OriginalHitTemplateId:928390828;","10800","259200","Tue Feb 04 14:13:44 PST 2020","","","3SB4CE2TJYASWH4VO8FOX9R0EPPAXR","A1MWCDBGZLHJPI","Submitted","Sun Feb 02 23:35:36 PST 2020","Mon Feb 03 00:13:18 PST 2020","Thu Feb 06 00:13:18 PST 2020","","","","2262","100% (25/25)","100% (2/2)","100% (1/1)","http://jeffda.com/generational_captions/examples/images/17.jpg","The side of the building is covered in a lot of colorful paint and might be graffiti or a mural.  There are several box-like items lying against each other on the ground as if they were toppled dominos.  The box shaped items might be book covers or might be other types of artwork.  This might be an art installation because it looks too organized to be vandals defacing and trashing someone's property."
"38XPGNCKHVEI3JLPPQYD71CP4AIV4E","3OF98WC37GN2582AVRZL3N25AESMST","Write a description for an everyday image","Look at an everyday image and write a description for it. Quick!","image, question, answer, AI","$0.32","Sun Feb 02 14:13:44 PST 2020","1","BatchId:3908950;OriginalHitTemplateId:928390828;","10800","259200","Tue Feb 04 14:13:44 PST 2020","","","3X87C8JFV9QCNGPDJU6NO1PD3RJQSE","A39S4DA571UJ1Y","Submitted","Sun Feb 02 17:44:09 PST 2020","Sun Feb 02 17:48:57 PST 2020","Wed Feb 05 17:48:57 PST 2020","","","","288","100% (373/373)","100% (335/335)","100% (97/97)","http://jeffda.com/generational_captions/examples/images/18.jpg","There is a fence overlooking a body of water that gves way to a building covered in lights. The lights vary in color from green hues to red-orange to blue-purple hues. The lights mainly hit the building but reflect on the water as well. The main attraction seems to be a cube with a circular opening showcasing what appears to be a movie. The movie is also being reflected onto a slanted material at the onset of the building as well as on smaller rectangular objects on the other side of the building. There are people behind the fence watching the movie as it plays and is reflected on various different objects."
"3GITHABAC0ZVS0XTJLTY45LEYTL2N9","3OF98WC37GN2582AVRZL3N25AESMST","Write a description for an everyday image","Look at an everyday image and write a description for it. Quick!","image, question, answer, AI","$0.32","Sun Feb 02 14:13:44 PST 2020","1","BatchId:3908950;OriginalHitTemplateId:928390828;","10800","259200","Tue Feb 04 14:13:44 PST 2020","","","3Z7VU45IP1WL7ORAT7AGJTE8IX91ZN","A3MJCHFORYK0US","Submitted","Mon Feb 03 05:25:51 PST 2020","Mon Feb 03 08:25:49 PST 2020","Thu Feb 06 08:25:49 PST 2020","","","","10798","100% (1/1)","0% (0/0)","0% (0/0)","http://jeffda.com/generational_captions/examples/images/21.jpg","a white and black cute fluffy kitty cat in a glass box. it looks like it is in a very dire need of freedom as the box is so small and restricting its movement and comfort. the glass has some liquid in it; i am not certain if someone poured in water or the box had been left out in the rain and the cat had to experience some natural shower on it. free"
"33W1NHWFYJZJTO5P5OOO0F1D8K5ZTE","3OF98WC37GN2582AVRZL3N25AESMST","Write a description for an everyday image","Look at an everyday image and write a description for it. Quick!","image, question, answer, AI","$0.32","Sun Feb 02 14:13:45 PST 2020","1","BatchId:3908950;OriginalHitTemplateId:928390828;","10800","259200","Tue Feb 04 14:13:45 PST 2020","","","3YMTUJH0DVV6DBFUAX40V3KU9I64TQ","A2M3KQ9CKP7YW","Submitted","Sun Feb 02 14:38:33 PST 2020","Sun Feb 02 14:57:02 PST 2020","Wed Feb 05 14:57:02 PST 2020","","","","1109","100% (20/20)","0% (0/0)","0% (0/0)","http://jeffda.com/generational_captions/examples/images/22.jpg","There are four motorcyclists riding on a paved road beneath a cloudy sky. They are riding in single file and the riders are dressed for cold weather. The road has three lanes for traffic (two for the traffic ascending and one for descending). One lane for each direction of travel. The road is curvey and is going uphill according the the direction the motorcyclists are riding. It is a mountainous area covered with pine trees and snow. There is a rusty guardrail snaking alongside the road that is mostly covered with snow."
"3SBX2M1TKF1QYBP83R431EDHNI3Q4F","3OF98WC37GN2582AVRZL3N25AESMST","Write a description for an everyday image","Look at an everyday image and write a description for it. Quick!","image, question, answer, AI","$0.32","Sun Feb 02 14:13:45 PST 2020","1","BatchId:3908950;OriginalHitTemplateId:928390828;","10800","259200","Tue Feb 04 14:13:45 PST 2020","","","382M9COHEKU35QRCZ86N9LIN5LFUEL","A2NGMLBFZ3YQP5","Submitted","Sun Feb 02 17:31:59 PST 2020","Sun Feb 02 19:45:46 PST 2020","Wed Feb 05 19:45:46 PST 2020","","","","8027","100% (951/951)","100% (427/427)","100% (42/42)","http://jeffda.com/generational_captions/examples/images/23.jpg","Far in the background, there are snow-capped mountains. They are very blurry. In the foreground, in sharper focus is a person's left hand. It emerges from the ribbed cuff of a light grayish-blue sleeve. The hand is palm up, fingers slightly spread, with a bit of a concave curve to the palm. A little bit above the hand, in mid-air, is a brown pine cone. It appears the hand has tossed the pine cone up toward the sky."
"3Y7LTZE0YV0YT1KE5TEY5BNFRYCZU5","3OF98WC37GN2582AVRZL3N25AESMST","Write a description for an everyday image","Look at an everyday image and write a description for it. Quick!","image, question, answer, AI","$0.32","Sun Feb 02 14:13:45 PST 2020","1","BatchId:3908950;OriginalHitTemplateId:928390828;","10800","259200","Tue Feb 04 14:13:45 PST 2020","","","3VA45EW49Q298KD3RYZZ3V74YQD1OM","A7JKODY67819H","Submitted","Sun Feb 02 15:57:52 PST 2020","Sun Feb 02 16:39:33 PST 2020","Wed Feb 05 16:39:33 PST 2020","","","","2501","100% (15/15)","100% (15/15)","100% (14/14)","http://jeffda.com/generational_captions/examples/images/24.jpg","A cabinet containing bottles filled with orange liquid and two stacks of plates hangs on the wall. There are blackboards containing menu items on each side of the shelves. Below there is a single shelf that contains numerous cups and jars filled with various teas. On the right side of the cabinet, there is a basket filled with black bags, and below it a basket full of bread baguettes. On the left side of the cabinet, there is a commercial oven with stacks of boxes on top."
"3UOMW19E6FK40TJPCEMIM1UEJZY5CV","3OF98WC37GN2582AVRZL3N25AESMST","Write a description for an everyday image","Look at an everyday image and write a description for it. Quick!","image, question, answer, AI","$0.32","Sun Feb 02 14:13:45 PST 2020","1","BatchId:3908950;OriginalHitTemplateId:928390828;","10800","259200","Tue Feb 04 14:13:45 PST 2020","","","3MD9PLUKKLTOLVYZYU8EG0RBLVLNZI","AJRY9ALX8069Y","Submitted","Sun Feb 02 14:13:51 PST 2020","Sun Feb 02 14:17:57 PST 2020","Wed Feb 05 14:17:57 PST 2020","","","","246","100% (11957/11957)","100% (9949/9949)","100% (2682/2682)","http://jeffda.com/generational_captions/examples/images/25.jpg","There are three plates of food on a table with someone behind the plates. There is a fork sticking out of the food on each of the plates. The food item appears to be a dessert like an apple cobbler with a lot of brown, shiny glaze on top of it. The plate at the front of the other plates has a napkin under it that looks slightly crumpled up. The napkin is white."
"3LAZVA75NK5DALX5K0TBJULJO3Q2OO","3OF98WC37GN2582AVRZL3N25AESMST","Write a description for an everyday image","Look at an everyday image and write a description for it. Quick!","image, question, answer, AI","$0.32","Sun Feb 02 14:13:45 PST 2020","1","BatchId:3908950;OriginalHitTemplateId:928390828;","10800","259200","Tue Feb 04 14:13:45 PST 2020","","","38BQUHLA9ZF649ZSKKIXNNV7W5BOMS","A36A780ODXBDEH","Submitted","Mon Feb 03 08:07:26 PST 2020","Mon Feb 03 11:00:37 PST 2020","Thu Feb 06 11:00:37 PST 2020","","","","10391","0% (0/0)","0% (0/0)","0% (0/0)","http://jeffda.com/generational_captions/examples/images/26.jpg","A large, square-ish cathedral, with beautiful arch windows, a copper roof that has since grown a consistent green patina, with tourists scurrying in and around near its doors and pavillion that lays before it, flanked on both sides by vibrant, dark green pine trees. Small purple banners hang next to the doorways, placed in the middle of the cathedral, with a spotty white and grey sky above."
"3PR3LXCWSHDB4EWW60VMCUKQ6D59XS","3OF98WC37GN2582AVRZL3N25AESMST","Write a description for an everyday image","Look at an everyday image and write a description for it. Quick!","image, question, answer, AI","$0.32","Sun Feb 02 14:13:45 PST 2020","1","BatchId:3908950;OriginalHitTemplateId:928390828;","10800","259200","Tue Feb 04 14:13:45 PST 2020","","","3MH9DQ757ZR1P4N353WB9O3ZI3BUGN","A14M2EERU7E8KD","Submitted","Mon Feb 03 05:29:42 PST 2020","Mon Feb 03 08:28:29 PST 2020","Thu Feb 06 08:28:29 PST 2020","","","","10727","100% (312/312)","100% (167/167)","100% (18/18)","http://jeffda.com/generational_captions/examples/images/27.jpg","Two rows of large oak tables set unoccupied in the library. On top of the tables sit long, bronze-colored  table lamps which illuminate their surfaces. Each table has wooden chairs pulled up to it. The library looks old and has high cathedral style ceilings. The tall shelves are filled with books lined up along the wall.  On the left, there are wooden doors that allow people to enter the library."
"31YWE12TE2Q7QV83R3X2YYTKBNGX73","3OF98WC37GN2582AVRZL3N25AESMST","Write a description for an everyday image","Look at an everyday image and write a description for it. Quick!","image, question, answer, AI","$0.32","Sun Feb 02 14:13:45 PST 2020","1","BatchId:3908950;OriginalHitTemplateId:928390828;","10800","259200","Tue Feb 04 14:13:45 PST 2020","","","3S0TNUHWKWX0FN6Z0AUY7BID8LFD8U","A2482SLAY120J2","Submitted","Mon Feb 03 06:22:35 PST 2020","Mon Feb 03 06:42:57 PST 2020","Thu Feb 06 06:42:57 PST 2020","","","","1222","100% (1/1)","0% (0/0)","0% (0/0)","http://jeffda.com/generational_captions/examples/images/28.jpg","A large room, filled with tan colored tables--some rectangular and some round--with computers on them. People sitting at these tables looking at the computer monitors. Most, if not all, of the people appear to be Asian. The floor is wooden and the ceiling is of a translucent material with lighting showing through them. The walls are covered with tiles that look like bricks. The chairs are ergonomic."
"3UUSLRKAUNHTSP3M03WQ4RQSV557DC","3OF98WC37GN2582AVRZL3N25AESMST","Write a description for an everyday image","Look at an everyday image and write a description for it. Quick!","image, question, answer, AI","$0.32","Sun Feb 02 14:13:45 PST 2020","1","BatchId:3908950;OriginalHitTemplateId:928390828;","10800","259200","Tue Feb 04 14:13:45 PST 2020","","","37UQDCYH60AI9Q12HQ2MZXSPX5OV7T","A1UEX245I12ZH7","Submitted","Sun Feb 02 18:25:33 PST 2020","Sun Feb 02 20:23:14 PST 2020","Wed Feb 05 20:23:14 PST 2020","","","","7061","100% (625/625)","100% (29/29)","100% (3/3)","http://jeffda.com/generational_captions/examples/images/29.jpg","Three young women are sitting on a rock that juts out over a cliff. A young man is sitting to the side of the rock. They are wearing walking shoes, and one has a bottle of water and a blue back pack. From the top of the cliff the four people can see a river below them. The river sits in a valley that is filled with pine trees. A highway runs near the river. Beyond the valley are more mountains. Some of the peaks are snow covered."
"3J94SKDEKK3E5LP3CAHT67CW4ZA5DV","3OF98WC37GN2582AVRZL3N25AESMST","Write a description for an everyday image","Look at an everyday image and write a description for it. Quick!","image, question, answer, AI","$0.32","Sun Feb 02 14:13:45 PST 2020","1","BatchId:3908950;OriginalHitTemplateId:928390828;","10800","259200","Tue Feb 04 14:13:45 PST 2020","","","3W92K5RLWXW3MMNJTXNP1DET6ZPV5A","A2TLN8489YGY81","Submitted","Sun Feb 02 17:18:30 PST 2020","Sun Feb 02 17:27:52 PST 2020","Wed Feb 05 17:27:52 PST 2020","","","","562","100% (282/282)","100% (6/6)","100% (2/2)","http://jeffda.com/generational_captions/examples/images/30.jpg","This is a developed city in the evening with a crimson red sky. Lights can be seen through windows all over the city. There are many skyscrapers towering over the apartment buildings and homes in the residential area. Trees can only been seen in the residential area. In one part of the city, there are multiple construction cranes that are as high as or higher than a building."
"33K3E8REWY9BQ9DM18P8CYPFM7MX8Q","3OF98WC37GN2582AVRZL3N25AESMST","Write a description for an everyday image","Look at an everyday image and write a description for it. Quick!","image, question, answer, AI","$0.32","Sun Feb 02 14:13:45 PST 2020","1","BatchId:3908950;OriginalHitTemplateId:928390828;","10800","259200","Tue Feb 04 14:13:45 PST 2020","","","3DUZQ9U6SP34SOLU5T0XUOOLKJRSV3","A1MJVTR0PCKBWW","Submitted","Sun Feb 02 15:31:27 PST 2020","Sun Feb 02 15:45:11 PST 2020","Wed Feb 05 15:45:11 PST 2020","","","","824","100% (384/384)","100% (252/252)","0% (0/0)","http://jeffda.com/generational_captions/examples/images/31.jpg","There is a water fountain in front of a large building. It sprays up several feet and falls down in a partial mist. The main fountain water stream in lighted from below, illuminating the water. The main structure of the fountain is round and made of dark concrete. The surrounding building has large light colored pillars that can be seen behind the fountain. Several trees can be seen in the distance along with some green bushes."
"3K3G488TR4M8UUT8HWND66JVNEYQ5K","3OF98WC37GN2582AVRZL3N25AESMST","Write a description for an everyday image","Look at an everyday image and write a description for it. Quick!","image, question, answer, AI","$0.32","Sun Feb 02 14:13:45 PST 2020","1","BatchId:3908950;OriginalHitTemplateId:928390828;","10800","259200","Tue Feb 04 14:13:45 PST 2020","","","3HHRAGRYXBKRXPGYVBESI1PNW22O9J","A3LSG8J12TDMNF","Submitted","Sun Feb 02 17:33:11 PST 2020","Sun Feb 02 17:51:31 PST 2020","Wed Feb 05 17:51:31 PST 2020","","","","1100","100% (3/3)","100% (2/2)","100% (1/1)","http://jeffda.com/generational_captions/examples/images/32.jpg","The structure of the object has a lot of spherical features. This includes a round base with cylindrical tentacle or snake like arms that are swaying upward. These are intertwined with a denser object and more solid non-transluscent object of the same stature and shape but also the same material as the base it is all sitting on. The focus of the lighting is centered on this object as a whole as it is dark around the sculpture and the sculpture is lit. There also nice reflections of lights glimmering off of this sculpture most likely due to it's semi-transparency."
"39RRBHZ0AWFY6G9EAJO31XPY55LZVU","3OF98WC37GN2582AVRZL3N25AESMST","Write a description for an everyday image","Look at an everyday image and write a description for it. Quick!","image, question, answer, AI","$0.32","Sun Feb 02 14:13:45 PST 2020","1","BatchId:3908950;OriginalHitTemplateId:928390828;","10800","259200","Tue Feb 04 14:13:45 PST 2020","","","39JEC7537XGOL7WY87AXFJK3YJHVCU","A240OTT1T85UGT","Submitted","Mon Feb 03 04:49:17 PST 2020","Mon Feb 03 07:40:01 PST 2020","Thu Feb 06 07:40:01 PST 2020","","","","10244","100% (317/317)","100% (311/311)","100% (1/1)","http://jeffda.com/generational_captions/examples/images/33.jpg","In this scene we have a very large tower.  It appears to be made out of metal.  It has a wide base, and a thin body.  It then opens up into a circular top that is held up by the base.  The top is many times wider than the shaft and appears to have slits int he side of it.  The base is a very skeletal, or bare-bones type of structure in which it is constructed.  It also has lights going up the side of the structure which are circular in shape.  The entire structure is surrounded by darkness, perhaps artificially, and has side lighting used on it to light up the entire figure which emphasizes it's impressive construction."